City_ID,City,Country,Date,Lat,Lng,Max Temp,Humidity,Cloudiness,Wind Speed
0,Vaini,IN,2020-01-06 07:06:29,15.34,74.49,75.2,69,75,11.41
1,Port Blair,IN,2020-01-06 07:01:45,11.67,92.75,81.72,76,0,15.21
2,Bonnyville,CA,2020-01-06 07:06:29,54.27,-110.74,14.0,78,75,3.36
3,Elk Plain,US,2020-01-06 07:06:30,47.04,-122.37,44.01,93,90,10.29
4,Busselton,AU,2020-01-06 07:02:05,-33.64,115.35,93.0,7,32,11.65
5,Albany,US,2020-01-06 07:06:30,42.65,-73.75,28.99,73,90,2.77
6,Launceston,AU,2020-01-06 07:02:10,-41.43,147.14,73.4,38,0,19.46
7,Mataura,NZ,2020-01-06 07:06:31,-46.19,168.86,48.99,91,100,23.0
8,Ushuaia,AR,2020-01-06 07:04:12,-54.81,-68.31,44.6,65,40,19.46
9,Khatanga,RU,2020-01-06 07:06:32,71.98,102.47,3.47,96,98,7.2
10,Jalingo,NG,2020-01-06 07:06:32,10.3,10.93,60.62,37,97,11.01
11,Chivolo,CO,2020-01-06 07:06:33,10.03,-74.62,72.84,86,99,3.51
12,Shingu,JP,2020-01-06 07:06:33,33.72,135.99,53.6,40,75,5.82
13,Upernavik,GL,2020-01-06 07:06:33,72.79,-56.15,-30.66,98,94,16.02
14,Naze,NG,2020-01-06 07:06:34,5.43,7.07,69.8,100,20,2.57
15,Khandbari,NP,2020-01-06 07:06:34,27.38,87.21,45.81,42,63,6.22
16,Loandjili,CG,2020-01-06 07:06:34,-4.77,11.87,78.8,94,40,1.12
17,Ilulissat,GL,2020-01-06 07:06:35,69.22,-51.1,8.6,84,100,28.86
18,Aanekoski,FI,2020-01-06 07:06:35,62.6,25.73,30.2,92,90,5.82
19,Los Llanos De Aridane,ES,2020-01-06 07:01:58,28.66,-17.92,64.4,68,75,13.87
20,Bethel,US,2020-01-06 07:06:36,60.79,-161.76,-16.6,68,1,9.17
21,Novaya Ladoga,RU,2020-01-06 07:06:36,60.11,32.31,26.51,79,98,9.44
22,Bredasdorp,ZA,2020-01-06 07:06:37,-34.53,20.04,66.2,63,100,5.82
23,Kununurra,AU,2020-01-06 07:01:52,-15.77,128.74,78.8,88,75,17.22
24,Yellowknife,CA,2020-01-06 07:06:38,62.45,-114.38,-20.0,75,20,6.93
25,Ola,RU,2020-01-06 07:06:38,59.58,151.3,10.38,60,27,3.29
26,Tabou,CI,2020-01-06 07:06:38,4.42,-7.36,66.54,79,0,3.8
27,Katete,UG,2020-01-06 07:06:39,-0.78,29.75,66.07,76,67,0.38
28,Sovetskaya,RU,2020-01-06 07:06:39,44.78,41.17,28.99,5,36,4.0
29,Praya,ID,2020-01-06 07:06:40,-8.71,116.27,87.8,70,75,12.75
30,Karlstad,SE,2020-01-06 07:06:40,59.38,13.5,39.0,100,96,5.82
31,Mar Del Plata,AR,2020-01-06 07:06:40,-46.43,-67.52,54.63,43,49,19.28
32,Tuktoyaktuk,CA,2020-01-06 07:06:41,69.44,-133.03,-23.8,74,20,5.82
33,Kapaa,US,2020-01-06 07:03:30,22.08,-159.32,75.2,69,90,9.86
34,Luderitz,NA,2020-01-06 07:06:42,-26.65,15.16,62.98,83,0,20.36
35,Sitka,US,2020-01-06 07:06:42,37.17,-99.65,28.99,62,0,7.83
36,Albina,GF,2020-01-06 07:06:42,5.5,-54.06,70.77,98,13,1.52
37,Rikitea,PF,2020-01-06 07:06:42,-23.12,-134.97,76.26,75,32,15.14
38,Punta Arenas,CL,2020-01-06 07:06:43,-53.16,-70.91,46.0,75,75,5.82
39,Emba,CY,2020-01-06 07:06:43,34.81,32.42,62.6,72,75,19.46
40,Jamestown,AU,2020-01-06 07:06:44,-33.21,138.6,75.81,49,84,6.93
41,Contamana,PE,2020-01-06 07:06:45,-7.35,-75.01,75.56,74,8,1.81
42,Clyde River,CA,2020-01-06 07:06:45,70.47,-68.59,-38.2,52,1,10.29
43,Muhos,FI,2020-01-06 07:06:46,64.81,26.0,32.0,92,90,11.41
44,Kieta,PG,2020-01-06 07:06:46,-6.22,155.63,86.22,66,23,3.29
45,Bayonet Point,US,2020-01-06 07:06:46,28.33,-82.68,52.0,93,1,3.91
46,Port Elizabeth,US,2020-01-06 07:02:07,39.31,-74.98,37.4,69,90,4.83
47,Port Alfred,ZA,2020-01-06 07:06:47,-33.59,26.89,72.0,88,99,1.01
48,Ndola,ZM,2020-01-06 07:06:48,-12.97,28.64,64.87,94,100,2.24
49,Codrington,AU,2020-01-06 07:06:48,-28.95,153.24,87.8,48,6,9.17
50,Longyearbyen,NO,2020-01-06 07:06:48,78.22,15.63,6.8,55,20,14.99
51,Jizan,SA,2020-01-06 07:06:49,16.89,42.56,82.4,58,40,3.36
52,Latung,ID,2020-01-06 07:06:49,-8.45,120.42,74.28,87,76,4.52
53,Carnarvon,ZA,2020-01-06 07:06:49,-30.97,22.13,68.61,58,84,4.16
54,San Juan,AR,2020-01-06 07:06:50,-31.54,-68.53,71.98,38,55,17.13
55,Edd,ER,2020-01-06 07:06:50,13.93,41.69,78.51,76,88,10.85
56,Hasaki,JP,2020-01-06 07:06:50,35.73,140.83,52.0,42,75,9.17
57,Poopo,BO,2020-01-06 07:06:51,-18.38,-66.97,46.0,52,0,8.25
58,Butaritari,KI,2020-01-06 07:06:51,3.07,172.79,85.26,77,100,19.93
59,Cape Town,ZA,2020-01-06 07:04:07,-33.93,18.42,68.0,68,20,9.17
60,Dudinka,RU,2020-01-06 07:06:52,69.41,86.18,15.8,92,40,22.37
61,Bluff,AU,2020-01-06 07:06:52,-23.58,149.07,87.49,46,87,15.17
62,Mount Gambier,AU,2020-01-06 07:02:58,-37.83,140.78,71.6,43,0,18.34
63,Fortuna,US,2020-01-06 07:06:53,40.6,-124.16,41.0,100,90,6.93
64,Kupino,RU,2020-01-06 07:06:54,54.36,77.31,25.23,93,91,11.14
65,Coquimbo,CL,2020-01-06 07:06:54,-29.95,-71.34,59.0,87,0,2.24
66,Alofi,NU,2020-01-06 07:06:54,-19.06,-169.92,78.8,94,40,4.7
67,Sri Aman,MY,2020-01-06 07:06:55,1.24,111.46,87.8,70,75,1.12
68,Avera,US,2020-01-06 07:06:55,33.19,-82.53,46.4,49,1,4.7
69,Tasiilaq,GL,2020-01-06 07:03:05,65.61,-37.64,19.15,90,100,37.16
70,Lorengau,PG,2020-01-06 07:06:56,-2.02,147.27,85.55,70,70,9.06
71,Saint-Philippe,CA,2020-01-06 07:06:56,45.36,-73.48,15.8,92,1,3.36
72,Rongcheng,CN,2020-01-06 07:06:56,37.16,122.42,43.0,70,100,11.32
73,Takoradi,GH,2020-01-06 07:06:17,4.89,-1.75,74.26,65,86,6.02
74,Fairbanks,US,2020-01-06 07:03:17,64.84,-147.72,-18.0,73,40,1.74
75,Barrow,AR,2020-01-06 07:06:57,-38.31,-60.23,62.6,86,100,12.19
76,Chuy,UY,2020-01-06 07:06:58,-33.69,-53.46,70.2,86,1,12.12
77,Lebu,ET,2020-01-06 07:06:58,8.96,38.73,59.0,72,20,10.29
78,Kamenka,MD,2020-01-06 07:06:59,48.03,28.7,30.99,82,100,1.01
79,Front Royal,US,2020-01-06 07:02:42,38.92,-78.19,34.0,75,90,4.7
80,Maxixe,MZ,2020-01-06 07:06:59,-23.86,35.35,86.0,66,40,6.93
81,Urucui,BR,2020-01-06 07:07:00,-7.23,-44.56,71.04,81,61,0.69
82,Kruisfontein,ZA,2020-01-06 07:07:00,-34.0,24.73,68.54,79,97,5.88
83,Healdsburg,US,2020-01-06 07:07:01,38.61,-122.87,48.0,100,1,5.44
84,Hilo,US,2020-01-06 07:07:02,19.71,-155.08,78.8,65,90,9.17
85,Angren,UZ,2020-01-06 07:07:02,41.01,70.08,32.85,64,77,1.99
86,Saint-Augustin,CA,2020-01-06 07:07:03,45.63,-73.98,14.0,85,20,3.36
87,Dikson,RU,2020-01-06 07:07:03,73.51,80.55,16.21,93,100,19.08
88,Thompson,CA,2020-01-06 07:07:04,55.74,-97.86,3.2,84,90,10.29
89,Castro,CL,2020-01-06 07:07:04,-42.48,-73.76,48.2,93,75,2.24
90,Kavieng,PG,2020-01-06 07:07:05,-2.57,150.8,85.96,69,32,9.53
91,Turhal,TR,2020-01-06 07:07:06,40.38,36.08,32.0,73,75,2.24
92,Naryan-Mar,RU,2020-01-06 07:07:07,67.67,53.09,16.32,85,96,13.02
93,Gladstone,AU,2020-01-06 07:07:07,-23.84,151.26,84.99,58,100,14.99
94,Engels,RU,2020-01-06 07:07:07,51.5,46.12,30.99,97,96,2.77
95,Jining,CN,2020-01-06 07:07:08,35.41,116.58,45.0,75,100,11.72
96,Atuona,PF,2020-01-06 07:07:08,-9.8,-139.03,79.77,77,79,11.95
97,Hermanus,ZA,2020-01-06 07:07:08,-34.42,19.24,66.0,76,100,6.8
98,Ostrovnoy,RU,2020-01-06 07:07:09,68.05,39.51,10.31,88,78,20.47
99,Sao Gabriel Da Cachoeira,BR,2020-01-06 07:07:10,-0.13,-67.09,73.83,91,58,1.59
100,Raudeberg,NO,2020-01-06 07:03:00,61.99,5.14,48.99,93,75,14.99
101,Yuanping,CN,2020-01-06 07:07:10,38.72,112.71,26.98,90,93,3.47
102,Albion,US,2020-01-06 07:07:10,41.69,-98.0,28.99,92,90,5.1
103,Souillac,FR,2020-01-06 07:07:11,45.6,-0.6,35.01,88,0,2.24
104,New Norfolk,AU,2020-01-06 07:07:12,-42.78,147.06,72.0,52,40,12.75
105,Nara,JP,2020-01-06 07:07:12,34.68,135.8,52.0,49,75,3.36
106,Yaan,NG,2020-01-06 07:07:13,7.38,8.57,69.82,28,83,6.22
107,Goderich,CA,2020-01-06 07:07:13,43.74,-81.71,36.0,74,100,3.0
108,Hualmay,PE,2020-01-06 07:07:14,-11.1,-77.61,67.42,81,80,2.95
109,Sabha,LY,2020-01-06 07:07:14,27.03,14.43,41.45,66,0,6.46
110,Hervey Bay,AU,2020-01-06 07:07:15,-25.3,152.85,82.4,58,75,12.75
111,Waingapu,ID,2020-01-06 07:07:15,-9.65,120.26,84.76,75,69,25.03
112,Awjilah,LY,2020-01-06 07:07:15,29.14,21.3,49.26,69,0,19.26
113,Broome,GB,2020-01-06 07:07:16,52.47,1.45,46.0,81,75,14.99
114,Acajutla,SV,2020-01-06 07:07:16,13.59,-89.83,63.0,85,4,4.56
115,Cherskiy,RU,2020-01-06 07:07:16,68.75,161.3,-11.22,63,0,3.38
116,Kulhudhuffushi,MV,2020-01-06 07:07:17,6.62,73.07,82.72,77,60,14.76
117,Tuatapere,NZ,2020-01-06 07:07:17,-46.13,167.69,48.99,91,100,23.0
118,Yulara,AU,2020-01-06 07:07:18,-25.24,130.99,86.0,40,95,11.41
119,Bathsheba,BB,2020-01-06 07:07:18,13.22,-59.52,75.2,88,75,16.11
120,La Paz,MX,2020-01-06 07:07:18,24.15,-110.32,60.8,67,20,4.7
121,Bambous Virieux,MU,2020-01-06 07:07:19,-20.34,57.76,82.0,94,75,14.99
122,Pervomayskiy,RU,2020-01-06 07:07:19,53.24,40.29,27.36,93,100,5.46
123,Lakes Entrance,AU,2020-01-06 07:07:20,-37.88,147.99,57.99,95,100,5.99
124,Kresttsy,RU,2020-01-06 07:07:21,58.25,32.52,27.09,81,96,8.19
125,Saldanha,PT,2020-01-06 07:07:21,41.42,-6.55,33.64,87,0,0.29
126,Arraial Do Cabo,BR,2020-01-06 07:07:21,-22.97,-42.02,76.1,87,99,6.44
127,Birjand,IR,2020-01-06 07:07:22,32.86,59.22,39.2,80,21,4.7
128,Fasa,IR,2020-01-06 07:07:22,28.94,53.65,46.4,65,0,4.7
129,Lompoc,US,2020-01-06 07:03:56,34.64,-120.46,60.8,46,1,6.93
130,Ribeira Grande,PT,2020-01-06 07:07:23,38.52,-28.7,59.68,93,100,15.46
131,Itarema,BR,2020-01-06 07:07:23,-2.92,-39.92,77.0,94,71,2.24
132,Romny,UA,2020-01-06 07:07:23,50.74,33.49,26.64,94,18,6.78
133,Avarua,CK,2020-01-06 07:07:24,-21.21,-159.78,78.8,94,100,2.24
134,Zermatt,CH,2020-01-06 07:06:22,46.02,7.75,36.0,86,2,3.36
135,Umm Lajj,SA,2020-01-06 07:07:25,25.02,37.27,59.79,27,0,1.52
136,Praxedis Guerrero,MX,2020-01-06 07:07:25,31.37,-106.02,44.01,55,1,1.54
137,Comodoro Rivadavia,AR,2020-01-06 07:07:25,-45.87,-67.48,57.2,62,78,3.36
138,Dicabisagan,PH,2020-01-06 07:07:26,17.08,122.42,78.55,71,4,9.89
139,Laramie,US,2020-01-06 07:06:02,41.31,-105.59,28.4,58,1,16.11
140,Bihoro,JP,2020-01-06 07:07:26,43.75,144.14,26.6,63,40,13.87
141,Krasnyye Chetai,RU,2020-01-06 07:07:27,55.69,46.16,15.93,94,29,3.65
142,Babai,UA,2020-01-06 07:07:27,49.9,36.2,30.2,80,75,8.95
143,Airai,TL,2020-01-06 07:07:27,-8.93,125.41,80.74,54,100,4.61
144,East London,ZA,2020-01-06 07:07:28,-33.02,27.91,73.4,83,20,2.24
145,Hithadhoo,MV,2020-01-06 07:07:28,-0.6,73.08,84.07,74,100,14.07
146,Ossora,RU,2020-01-06 07:07:28,59.24,163.07,7.09,96,100,6.78
147,Ucluelet,CA,2020-01-06 07:03:49,48.94,-125.55,41.0,91,99,2.89
148,Norman Wells,CA,2020-01-06 07:07:29,65.28,-126.83,-40.0,72,20,4.18
149,Aksarka,RU,2020-01-06 07:07:30,66.56,67.8,8.78,85,15,14.23
150,Saint George,GR,2020-01-06 07:07:30,39.45,22.34,42.8,52,75,6.93
151,Brae,GB,2020-01-06 07:07:31,60.4,-1.35,48.2,87,20,23.04
152,Pevek,RU,2020-01-06 07:07:31,69.7,170.27,-7.19,79,0,5.14
153,Qaanaaq,GL,2020-01-06 07:05:59,77.48,-69.36,-19.77,56,79,4.97
154,Fort Collins,US,2020-01-06 07:02:41,40.55,-105.07,33.01,68,1,6.42
155,The Valley,AI,2020-01-06 07:07:33,18.22,-63.06,78.01,78,20,9.17
156,Terrace,CA,2020-01-06 07:07:34,54.52,-128.61,32.0,95,75,9.17
157,Paranaiba,BR,2020-01-06 07:07:34,-19.68,-51.19,70.27,92,0,4.97
158,Sjenica,RS,2020-01-06 07:07:34,43.27,20.0,16.81,95,100,7.18
159,Vardo,US,2020-01-06 07:07:35,39.62,-77.74,34.0,76,90,4.61
160,Petropavlovsk-Kamchatskiy,RU,2020-01-06 07:07:35,53.05,158.65,33.8,50,75,13.42
161,Toamasina,MG,2020-01-06 07:07:35,-18.17,49.38,86.0,66,40,6.93
162,Guerrero Negro,MX,2020-01-06 07:07:36,27.97,-114.04,61.2,72,54,9.86
163,Sorland,NO,2020-01-06 07:07:36,67.67,12.69,42.8,75,40,13.87
164,Rocha,UY,2020-01-06 07:06:26,-34.48,-54.34,64.49,94,0,11.5
165,Chichli,IN,2020-01-06 07:07:37,22.83,78.82,67.91,43,0,7.31
166,Geraldton,CA,2020-01-06 07:07:38,49.72,-86.95,17.6,85,90,9.17
167,Sulangan,PH,2020-01-06 07:07:38,11.14,123.72,80.96,79,8,10.13
168,Puerto Ayora,EC,2020-01-06 07:07:38,-0.74,-90.35,75.99,82,3,5.01
169,Nanortalik,GL,2020-01-06 07:07:38,60.14,-45.24,20.1,80,67,39.66
170,Tocopilla,CL,2020-01-06 07:07:39,-22.09,-70.2,52.41,75,2,6.35
171,Isangel,VU,2020-01-06 07:07:39,-19.55,169.27,84.2,66,49,13.87
172,Suntar,RU,2020-01-06 07:07:39,62.16,117.65,13.3,93,100,8.97
173,Coahuayana,MX,2020-01-06 07:07:40,18.62,-100.35,68.9,56,0,2.48
174,Sinnamary,GF,2020-01-06 07:07:40,5.38,-52.96,78.96,78,12,10.85
175,Provideniya,RU,2020-01-06 07:07:40,64.42,-173.23,-11.72,72,49,7.02
176,Machiques,VE,2020-01-06 07:07:41,10.06,-72.55,72.07,77,50,1.45
177,Blytheville,US,2020-01-06 07:03:27,35.93,-89.92,44.6,81,1,8.05
178,Ponta Do Sol,BR,2020-01-06 07:07:42,-20.63,-46.0,65.34,95,1,2.57
179,Ishigaki,JP,2020-01-06 07:07:42,24.34,124.16,75.2,64,75,11.41
180,Watsa,CD,2020-01-06 07:07:42,3.04,29.53,71.55,76,34,1.59
181,Cidreira,BR,2020-01-06 07:07:43,-30.17,-50.22,74.61,86,0,22.75
182,Gat,SN,2020-01-06 07:07:43,14.69,-16.54,64.4,42,0,14.99
183,Valparaiso,US,2020-01-06 07:03:01,41.47,-87.06,35.01,74,75,9.17
184,North Bend,US,2020-01-06 07:07:44,43.41,-124.22,48.0,100,90,8.05
185,Victoria,BN,2020-01-06 07:07:44,5.28,115.24,91.4,70,75,8.05
186,Marseille,FR,2020-01-06 07:03:26,43.3,5.37,46.99,93,75,1.12
187,Wadi Maliz,TN,2020-01-06 07:07:46,36.47,8.55,42.8,87,20,4.7
188,Constitucion,MX,2020-01-06 07:07:46,23.99,-104.67,46.0,40,92,5.99
189,Ixtapa,MX,2020-01-06 07:07:46,20.71,-105.21,63.0,77,5,4.7
190,Sao Filipe,CV,2020-01-06 07:07:47,14.9,-24.5,68.77,66,53,20.15
191,Kattivakkam,IN,2020-01-06 07:07:48,13.22,80.32,84.2,74,75,12.75
192,Saint-Pierre,FR,2020-01-06 07:07:48,48.95,4.24,28.4,100,2,9.17
193,Miraflores,PE,2020-01-06 07:07:48,-16.39,-71.52,53.6,71,75,3.36
194,Nikolskoye,RU,2020-01-06 07:07:49,59.7,30.79,28.4,86,75,6.71
195,Pudozh,RU,2020-01-06 07:07:49,61.81,36.54,17.78,84,50,6.29
196,Maniitsoq,GL,2020-01-06 07:07:50,65.42,-52.9,1.62,100,100,30.22
197,Muisne,EC,2020-01-06 07:07:50,0.61,-80.02,75.15,86,54,2.98
198,Tiarei,PF,2020-01-06 07:07:50,-17.53,-149.33,80.6,78,40,4.7
199,Ancud,CL,2020-01-06 07:07:51,-41.87,-73.83,48.2,93,75,2.24
200,Grenada,US,2020-01-06 07:07:51,33.77,-89.81,44.6,100,1,4.61
201,Okha,RU,2020-01-06 07:07:51,53.59,142.95,23.9,91,98,13.69
202,Puerto Carreno,CO,2020-01-06 07:07:52,6.19,-67.49,74.61,61,36,7.25
203,Berea,US,2020-01-06 07:07:52,37.57,-84.3,42.8,92,1,5.82
204,Moron,HT,2020-01-06 07:07:53,18.56,-74.26,77.16,79,3,17.16
205,Dargaville,NZ,2020-01-06 07:07:14,-35.94,173.86,60.64,64,45,14.09
206,Kinston,US,2020-01-06 07:07:54,35.26,-77.58,41.0,74,1,4.7
207,El Dorado,TT,2020-01-06 07:07:54,10.65,-61.37,72.0,88,20,4.97
208,Portland,US,2020-01-06 07:07:54,43.66,-70.25,21.2,73,1,3.36
209,Cockburn Town,TC,2020-01-06 07:07:55,21.46,-71.14,77.0,73,26,6.82
210,Kyshtovka,RU,2020-01-06 07:07:56,56.56,76.62,11.95,94,85,10.36
211,Nandu,CN,2020-01-06 07:07:56,31.44,119.33,55.99,87,90,4.47
212,Sioux Lookout,CA,2020-01-06 07:07:34,50.1,-91.92,15.8,72,75,16.11
213,Saskylakh,RU,2020-01-06 07:07:56,71.97,114.09,-15.48,93,100,13.56
214,Haines Junction,CA,2020-01-06 07:07:57,60.75,-137.51,-4.65,99,98,1.86
215,Pisco,PE,2020-01-06 07:03:13,-13.71,-76.2,68.0,88,68,11.41
216,Powell River,CA,2020-01-06 07:07:58,49.84,-124.52,41.0,93,90,3.04
217,Hamilton,CA,2020-01-06 07:06:09,43.26,-79.87,36.0,97,90,10.29
218,Henties Bay,NA,2020-01-06 07:04:17,-22.12,14.28,64.99,87,64,3.0
219,Ohara,JP,2020-01-06 07:07:59,35.12,135.83,52.0,46,75,3.36
220,Hokitika,NZ,2020-01-06 07:08:00,-42.72,170.96,55.85,67,60,38.54
221,Mogadishu,SO,2020-01-06 07:08:00,2.04,45.34,84.2,66,75,11.41
222,Peno,RU,2020-01-06 07:08:00,56.92,32.74,25.74,81,83,6.55
223,Amalapuram,IN,2020-01-06 07:08:01,16.58,82.0,82.4,69,56,11.41
224,Sur,OM,2020-01-06 07:08:01,22.57,59.53,74.8,57,59,7.52
225,Bayangol,MN,2020-01-06 07:08:02,48.91,106.09,8.56,89,15,2.8
226,Kaitangata,NZ,2020-01-06 07:08:02,-46.28,169.85,51.01,80,100,18.99
227,Makakilo City,US,2020-01-06 07:04:24,21.35,-158.09,77.0,65,1,11.41
228,Roald,NO,2020-01-06 07:08:03,62.58,6.12,48.99,93,75,26.4
229,Beira,ES,2020-01-06 07:08:03,43.2,-8.36,44.01,100,75,6.93
230,Barroso,BR,2020-01-06 07:08:04,-23.67,-46.22,68.0,100,20,4.7
231,Pangai,TO,2020-01-06 07:08:04,-19.8,-174.35,80.6,74,75,8.05
232,Nome,US,2020-01-06 07:08:05,30.04,-94.42,60.01,93,1,4.7
233,Tecoanapa,MX,2020-01-06 07:08:05,16.99,-99.26,77.0,94,40,2.08
234,Pedernales,EC,2020-01-06 07:08:06,0.07,-80.05,73.26,88,46,1.36
235,Khash,IR,2020-01-06 07:08:06,28.22,61.21,54.66,75,97,11.65
236,Lavrentiya,RU,2020-01-06 07:08:06,65.58,-170.99,-11.22,81,0,2.55
237,Lumeje,AO,2020-01-06 07:08:06,-11.56,20.78,69.4,85,100,2.26
238,El Bagre,CO,2020-01-06 07:08:07,7.6,-74.8,70.7,92,98,1.1
239,Belmonte,PT,2020-01-06 07:05:49,40.36,-7.35,36.0,60,0,1.01
240,Batangafo,CF,2020-01-06 07:08:08,7.3,18.29,68.25,33,0,3.11
241,Tiksi,RU,2020-01-06 07:08:08,71.64,128.87,-11.02,84,7,13.33
242,Midland,US,2020-01-06 07:07:59,32.0,-102.08,42.8,55,1,6.76
243,Lagoa,PT,2020-01-06 07:08:09,37.14,-8.45,51.01,81,0,8.05
244,Srednekolymsk,RU,2020-01-06 07:08:09,67.46,153.71,-10.46,86,58,3.06
245,Kodiak,US,2020-01-06 07:08:10,39.95,-94.76,33.01,68,1,6.93
246,San Patricio,PY,2020-01-06 07:08:10,-26.98,-56.83,76.33,60,0,8.05
247,Liverpool,GB,2020-01-06 07:04:13,53.41,-2.98,48.99,81,75,16.11
248,Bara,NG,2020-01-06 07:08:11,10.41,10.6,58.42,40,76,6.26
249,Mehamn,NO,2020-01-06 07:08:11,71.03,27.85,17.6,72,93,14.99
250,Manzanillo,MX,2020-01-06 07:08:11,19.05,-104.32,75.58,55,0,4.7
251,La Rioja,AR,2020-01-06 07:08:12,-29.41,-66.86,62.51,76,22,14.7
252,Ihosy,MG,2020-01-06 07:08:12,-22.4,46.13,72.84,70,51,8.34
253,Troitsko-Pechorsk,RU,2020-01-06 07:08:12,62.71,56.19,11.66,91,67,7.92
254,Iqaluit,CA,2020-01-06 07:08:13,63.75,-68.52,-14.8,62,75,16.11
255,Pocone,BR,2020-01-06 07:08:13,-16.26,-56.62,79.52,70,71,6.4
256,Vestmannaeyjar,IS,2020-01-06 07:08:14,63.44,-20.27,46.4,81,40,13.87
257,Myrtle Beach,US,2020-01-06 07:08:14,33.7,-78.89,45.0,75,1,4.7
258,Glendive,US,2020-01-06 07:08:14,47.11,-104.71,21.2,79,1,9.17
259,Novopavlovsk,RU,2020-01-06 07:08:15,43.96,43.63,21.2,100,90,4.18
260,Saint-Francois,FR,2020-01-06 07:08:15,46.42,3.91,28.99,92,9,4.29
261,Orbetello,IT,2020-01-06 07:08:16,42.44,11.21,41.0,69,0,7.96
262,Bonavista,CA,2020-01-06 07:08:16,48.65,-53.11,30.16,94,100,45.12
263,Connersville,US,2020-01-06 07:08:16,39.64,-85.14,39.0,87,90,20.8
264,De Haan,BE,2020-01-06 07:08:17,51.28,3.03,44.6,75,75,13.87
265,Riyadh,SA,2020-01-06 07:08:10,24.63,46.72,50.0,76,0,4.7
266,Calvinia,ZA,2020-01-06 07:08:17,-31.47,19.78,68.0,49,99,5.82
267,Mantua,IT,2020-01-06 07:08:18,45.16,10.79,39.2,69,40,4.7
268,Charters Towers,AU,2020-01-06 07:08:18,-20.07,146.27,88.83,43,37,16.84
269,Gorin,BF,2020-01-06 07:08:18,12.34,-0.67,60.51,30,81,8.66
270,Pangoa,PE,2020-01-06 07:08:19,-12.12,-73.0,67.96,98,97,1.68
271,Matara,BI,2020-01-06 07:08:19,-3.48,29.48,64.08,84,85,1.7
272,Saint Anthony,US,2020-01-06 07:08:20,43.97,-111.68,27.0,85,90,10.29
273,Chicama,PE,2020-01-06 07:08:20,-7.84,-79.15,69.8,88,75,8.05
274,Ugoofaaru,MV,2020-01-06 07:08:20,5.67,73.0,82.69,77,41,15.99
275,Madimba,CM,2020-01-06 07:08:21,4.42,9.93,78.8,88,20,2.13
276,Novorzhev,RU,2020-01-06 07:08:21,57.03,29.33,29.01,73,100,9.8
277,Deputatskiy,RU,2020-01-06 07:08:22,69.3,139.9,-17.03,74,79,1.03
278,Daru,PG,2020-01-06 07:08:22,-9.07,143.21,85.28,76,90,3.58
279,Kingsport,US,2020-01-06 07:04:00,36.55,-82.56,39.0,80,40,4.7
280,Tekkali,IN,2020-01-06 07:08:23,18.62,84.23,79.3,51,0,7.09
281,Bulgan,MN,2020-01-06 07:08:23,48.81,103.53,9.23,81,0,5.19
282,Kahului,US,2020-01-06 07:05:50,20.89,-156.47,75.2,69,20,13.87
283,Flin Flon,CA,2020-01-06 07:08:24,54.77,-101.88,-6.92,95,53,2.71
284,Pandan,PH,2020-01-06 07:08:24,11.72,122.09,79.77,82,86,24.0
285,Dingle,PH,2020-01-06 07:08:25,11.0,122.67,80.33,82,78,14.18
286,Flinders,AU,2020-01-06 07:08:25,-34.58,150.85,72.0,77,100,10.29
287,Sabang,PH,2020-01-06 07:08:27,13.8,121.11,82.99,73,12,11.01
288,Lunenburg,CA,2020-01-06 07:08:27,44.38,-64.32,26.01,90,96,9.53
289,Port Shepstone,ZA,2020-01-06 07:04:04,-30.74,30.45,73.38,94,99,3.91
290,Tabas,IR,2020-01-06 07:08:27,33.6,56.92,51.8,34,0,2.24
291,Hobart,AU,2020-01-06 07:06:26,-42.88,147.33,72.0,52,40,12.75
292,Bambanglipuro,ID,2020-01-06 07:08:28,-7.95,110.28,85.46,67,49,12.3
293,Poum,MK,2020-01-06 07:08:28,41.28,20.71,28.4,46,20,10.29
294,San Lorenzo,HN,2020-01-06 07:08:29,13.43,-87.45,72.03,65,28,4.36
295,Praia,BR,2020-01-06 07:08:29,-20.25,-43.81,71.6,83,75,2.24
296,Juba,EE,2020-01-06 07:08:29,57.82,26.93,33.01,92,90,13.87
297,Banjarmasin,ID,2020-01-06 07:07:06,-3.32,114.59,87.8,70,40,8.05
298,Pacific Grove,US,2020-01-06 07:08:30,36.62,-121.92,53.01,81,1,6.93
299,Rena,ES,2020-01-06 07:08:30,39.05,-5.81,39.0,92,0,2.66
300,Pagsangahan,PH,2020-01-06 07:08:31,11.13,124.56,86.43,59,51,6.46
301,Nemuro,JP,2020-01-06 07:08:31,43.32,145.57,26.6,53,75,12.75
302,Xam Nua,LA,2020-01-06 07:08:31,20.42,104.04,76.87,46,13,4.27
303,Rogovskaya,RU,2020-01-06 07:08:32,45.73,38.74,39.22,74,100,4.97
304,Dogondoutchi,NE,2020-01-06 07:08:32,13.64,4.03,61.14,22,49,11.01
305,Alma,US,2020-01-06 07:08:32,39.28,-106.06,26.6,61,90,21.92
306,Katsuura,JP,2020-01-06 07:08:33,33.93,134.5,48.99,58,75,12.75
307,Okhotsk,RU,2020-01-06 07:08:33,59.36,143.24,1.35,80,0,8.72
308,Paita,PE,2020-01-06 07:08:34,-5.09,-81.11,75.61,69,1,6.76
309,Zharkovskiy,RU,2020-01-06 07:08:34,55.85,32.27,26.69,82,72,5.48
310,Esperance,AU,2020-01-06 07:08:34,-33.86,121.89,96.8,8,0,8.05
311,Balakovo,RU,2020-01-06 07:08:35,52.02,47.82,27.7,97,91,4.74
312,Jiwani,PK,2020-01-06 07:05:22,25.05,61.74,73.99,76,90,15.66
313,Namibe,AO,2020-01-06 07:08:35,-15.19,12.15,73.13,85,78,9.44
314,Zhigansk,RU,2020-01-06 07:08:36,66.77,123.37,-11.49,94,99,18.03
315,Chapais,CA,2020-01-06 07:08:36,49.78,-74.86,3.2,91,90,5.82
316,Itaueira,BR,2020-01-06 07:08:37,-7.6,-43.03,73.08,83,95,1.88
317,Xining,CN,2020-01-06 07:08:37,36.62,101.77,24.85,48,100,2.93
318,Tessalit,ML,2020-01-06 07:08:38,20.2,1.01,50.79,30,18,11.05
319,Cayenne,GF,2020-01-06 07:08:38,4.94,-52.33,75.2,94,90,4.45
320,Hofn,IS,2020-01-06 07:08:38,64.25,-15.21,44.65,94,100,13.24
321,Adrar,DZ,2020-01-06 07:08:39,27.87,-0.29,35.6,43,0,10.29
322,Komsomolskiy,RU,2020-01-06 07:08:39,67.55,63.78,7.47,94,100,17.63
323,Paamiut,GL,2020-01-06 07:08:39,61.99,-49.67,8.85,91,100,28.9
324,Georgetown,GY,2020-01-06 07:08:40,6.8,-58.16,78.42,71,0,10.6
325,Pyshma,RU,2020-01-06 07:08:40,56.95,63.25,19.65,94,64,5.84
326,Dembi Dolo,ET,2020-01-06 07:08:40,8.53,34.8,70.59,46,0,4.14
327,Chokurdakh,RU,2020-01-06 07:08:41,70.62,147.9,-18.06,99,22,2.17
328,Kangaatsiaq,GL,2020-01-06 07:08:42,68.31,-53.46,2.89,99,100,32.97
329,Ziarat,PK,2020-01-06 07:08:42,30.38,67.73,32.23,100,100,1.66
330,Shenjiamen,CN,2020-01-06 07:08:42,29.96,122.3,60.82,93,39,17.02
331,Namwala,ZM,2020-01-06 07:08:43,-15.75,26.45,70.43,89,100,4.92
332,Whitianga,NZ,2020-01-06 07:08:43,-36.83,175.7,60.87,60,14,18.34
333,Port Hedland,AU,2020-01-06 07:08:43,-20.31,118.58,100.4,29,90,17.22
334,Hannibal,US,2020-01-06 07:08:44,39.71,-91.36,34.0,64,1,5.82
335,Oistins,BB,2020-01-06 07:08:44,13.07,-59.53,75.2,88,75,16.11
336,Koumac,NC,2020-01-06 07:08:44,-20.56,164.28,78.46,64,79,2.84
337,Marchena,ES,2020-01-06 07:08:45,37.33,-5.42,44.01,93,0,2.24
338,Vostok,RU,2020-01-06 07:08:46,46.45,135.83,10.69,89,20,2.55
339,Half Moon Bay,US,2020-01-06 07:08:46,37.46,-122.43,51.01,81,1,6.93
340,Ponta Delgada,PT,2020-01-06 07:04:20,37.73,-25.67,64.4,93,75,16.11
341,Erzin,TR,2020-01-06 07:05:46,36.95,36.2,46.4,100,75,4.7
342,Benghazi,LY,2020-01-06 07:08:47,32.12,20.07,54.34,58,90,30.06
343,Rio Gallegos,AR,2020-01-06 07:08:47,-51.62,-69.22,42.8,75,22,9.17
344,Aykhal,RU,2020-01-06 07:08:48,65.95,111.51,3.2,91,100,6.71
345,Yumen,CN,2020-01-06 07:08:48,40.29,97.04,26.69,43,100,17.22
346,Tahara,JP,2020-01-06 07:08:49,34.64,137.18,55.0,53,75,10.29
347,Lubao,CD,2020-01-06 07:08:49,-5.39,25.75,72.72,88,100,1.28
348,Faanui,PF,2020-01-06 07:08:49,-16.48,-151.75,81.81,77,37,13.49
349,Helong,CN,2020-01-06 07:08:50,25.94,116.13,77.7,44,3,8.57
350,Vallenar,CL,2020-01-06 07:08:50,-28.58,-70.76,55.15,91,0,1.25
351,Bauchi,NG,2020-01-06 07:08:50,10.31,9.85,55.89,44,58,2.04
352,Duverge,DO,2020-01-06 07:08:51,18.38,-71.52,67.14,76,1,4.92
353,Nizhniy Kuranakh,RU,2020-01-06 07:08:51,58.84,125.49,16.43,93,100,11.59
354,Maun,BW,2020-01-06 07:08:51,-19.99,23.42,71.6,88,99,4.7
355,Izhma,RU,2020-01-06 07:08:52,65.01,53.91,8.2,94,98,5.99
356,Bukama,CD,2020-01-06 07:08:53,-9.2,25.85,73.15,93,100,0.76
357,Umm Kaddadah,SD,2020-01-06 07:08:53,13.6,26.69,56.23,22,2,13.09
358,Muzhi,RU,2020-01-06 07:08:53,65.4,64.7,14.16,74,100,9.95
359,Mlimba,TZ,2020-01-06 07:08:54,-8.78,35.81,78.37,79,97,1.54
360,Zhezkazgan,KZ,2020-01-06 07:08:54,47.8,67.71,14.0,92,90,15.66
361,Quelimane,MZ,2020-01-06 07:08:55,-17.88,36.89,82.4,88,40,3.36
362,Mporokoso,ZM,2020-01-06 07:08:55,-9.37,30.12,68.72,87,95,0.92
363,Male,UA,2020-01-06 07:08:56,50.74,33.7,26.64,94,18,6.78
364,Chaihe,CN,2020-01-06 07:08:57,44.77,129.68,17.83,81,100,2.46
365,Shikhany,RU,2020-01-06 07:08:58,52.12,47.22,27.46,97,97,3.44
366,Povenets,RU,2020-01-06 07:08:58,62.85,34.83,20.91,81,99,10.4
367,Richards Bay,ZA,2020-01-06 07:08:59,-28.77,32.06,77.92,89,54,12.5
368,Anori,BR,2020-01-06 07:08:59,-3.74,-61.66,75.54,77,51,2.01
369,Cuamba,MZ,2020-01-06 07:09:00,-14.8,36.54,71.78,89,100,0.38
370,Nyurba,RU,2020-01-06 07:09:00,63.29,118.35,9.99,95,98,5.86
371,Alexandria,RO,2020-01-06 07:09:01,43.97,25.33,30.0,90,56,1.01
372,Salalah,OM,2020-01-06 07:09:01,17.01,54.1,78.8,69,75,2.24
373,Feijo,EC,2020-01-06 07:09:02,-3.63,-79.92,75.69,78,41,2.53
374,Maldonado,UY,2020-01-06 07:09:03,-34.91,-54.96,70.36,81,18,21.07
375,Havoysund,NO,2020-01-06 07:09:04,71.0,24.66,24.8,73,75,5.82
376,Miles City,US,2020-01-06 07:09:05,46.41,-105.84,26.01,67,1,10.29
377,Mahebourg,MU,2020-01-06 07:09:06,-20.41,57.7,82.0,94,75,14.99
378,Brezice,SI,2020-01-06 07:09:06,45.9,15.59,23.0,85,0,1.12
379,Sao Raimundo Das Mangabeiras,BR,2020-01-06 07:04:19,-7.02,-45.48,72.09,86,98,1.1
380,Nouadhibou,MR,2020-01-06 07:09:07,20.93,-17.03,57.2,54,49,13.87
381,Itaituba,BR,2020-01-06 07:09:08,-4.26,-55.99,75.2,94,75,9.17
382,Verkhnetulomskiy,RU,2020-01-06 07:09:08,68.61,31.8,14.0,85,75,4.47
383,Torbay,CA,2020-01-06 07:09:08,47.66,-52.73,30.99,100,90,32.21
384,Byron Bay,AU,2020-01-06 07:06:27,-28.65,153.62,87.8,61,67,11.41
385,La Ronge,CA,2020-01-06 07:09:10,55.1,-105.3,6.8,77,90,3.36
386,Banjar,ID,2020-01-06 07:05:17,-7.37,108.54,83.5,78,88,4.52
387,Buin,CL,2020-01-06 07:04:26,-33.73,-70.74,57.2,67,40,8.05
388,Klaksvik,FO,2020-01-06 07:09:11,62.23,-6.59,46.4,100,100,26.4
389,Astoria,US,2020-01-06 07:09:11,46.19,-123.83,46.0,93,90,12.75
390,Alyangula,AU,2020-01-06 07:09:12,-13.85,136.42,86.0,79,100,2.24
391,Butterworth,MY,2020-01-06 07:09:12,5.4,100.37,93.2,41,20,12.75
392,Jumla,NP,2020-01-06 07:09:12,29.28,82.18,47.75,19,29,3.42
393,Axim,GH,2020-01-06 07:09:13,4.87,-2.24,71.19,65,71,2.1
394,Leningradskiy,RU,2020-01-06 07:09:13,69.38,178.42,-8.73,64,0,3.42
395,Salinopolis,BR,2020-01-06 07:05:04,-0.61,-47.36,81.48,77,73,12.1
396,Vila,IT,2020-01-06 07:09:14,45.18,8.4,39.0,91,1,8.05
397,Kutum,SD,2020-01-06 07:09:14,14.2,24.66,52.65,27,2,4.83
398,Tacoronte,ES,2020-01-06 07:09:15,28.48,-16.41,64.4,87,75,9.17
399,Cubuk,TR,2020-01-06 07:09:15,40.24,33.03,33.8,73,75,14.99
400,Houma,CN,2020-01-06 07:09:16,35.63,111.36,35.37,89,100,3.53
401,Gimli,CA,2020-01-06 07:09:16,50.63,-96.99,10.99,90,14,5.06
402,Kaupanger,NO,2020-01-06 07:09:16,61.18,7.24,35.6,100,75,26.4
403,Canning,AR,2020-01-06 07:09:17,-34.86,-58.5,68.0,100,70,8.05
404,Mbale,UG,2020-01-06 07:09:17,1.07,34.17,72.16,73,96,3.67
405,Balkanabat,TM,2020-01-06 07:09:18,39.51,54.36,38.93,63,51,4.56
406,Te Anau,NZ,2020-01-06 07:09:18,-45.41,167.72,41.79,89,80,8.14
407,Verkhniy Rohachyk,UA,2020-01-06 07:09:19,47.25,34.34,32.86,85,100,11.61
408,Noyabrsk,RU,2020-01-06 07:09:19,63.2,75.45,20.23,95,100,13.47
409,Cairns,AU,2020-01-06 07:09:19,-16.92,145.77,87.8,66,40,11.41
410,Hambantota,LK,2020-01-06 07:09:20,6.12,81.12,87.8,74,40,12.75
411,Harper,US,2020-01-06 07:09:20,30.3,-99.24,42.01,74,1,1.7
412,Mahenge,TZ,2020-01-06 07:09:20,-8.68,36.72,79.45,77,100,3.87
413,Bassano,CA,2020-01-06 07:09:20,50.79,-112.47,32.0,70,39,18.01
414,Porec,HR,2020-01-06 07:09:21,45.23,13.59,39.2,55,75,4.7
415,Nioro,GM,2020-01-06 07:09:21,13.79,-15.05,60.13,19,0,9.4
416,Padang,ID,2020-01-06 07:09:22,-0.92,100.36,85.86,50,0,2.42
417,Beringovskiy,RU,2020-01-06 07:09:22,63.05,179.32,-6.72,80,97,13.91
418,Pangnirtung,CA,2020-01-06 07:09:22,66.15,-65.72,-45.2,90,100,4.47
419,Cashel,IE,2020-01-06 07:09:23,52.52,-7.89,51.01,89,99,8.99
420,Lobito,AO,2020-01-06 07:09:23,-12.35,13.55,80.6,74,75,1.41
421,Narsaq,GL,2020-01-06 07:09:24,60.91,-46.05,15.8,52,55,11.41
422,Belousovka,KZ,2020-01-06 07:09:24,50.13,82.52,-0.4,84,40,2.24
423,Goranboy,AZ,2020-01-06 07:09:25,40.61,46.79,41.0,60,20,4.7
424,North Bay,CA,2020-01-06 07:06:38,46.31,-79.46,21.99,85,90,13.87
425,Turayf,SA,2020-01-06 07:09:26,31.68,38.65,37.4,93,0,8.05
426,Jinchang,CN,2020-01-06 07:09:26,38.52,102.19,22.06,42,100,6.89
427,Bagdarin,RU,2020-01-06 07:09:26,54.44,113.59,7.05,80,0,2.21
428,Samarai,PG,2020-01-06 07:09:27,-10.62,150.67,84.27,72,36,8.75
429,Acoyapa,NI,2020-01-06 07:09:27,11.97,-85.17,70.81,93,25,14.25
430,Cruzeiro Do Sul,BR,2020-01-06 07:09:27,-7.63,-72.67,75.2,94,2,1.28
431,Namatanai,PG,2020-01-06 07:09:28,-3.66,152.44,86.09,71,64,10.04
432,Camocim,BR,2020-01-06 07:09:28,-2.9,-40.84,77.0,94,100,2.24
433,Evinayong,GQ,2020-01-06 07:09:28,1.44,10.55,69.12,95,52,0.92
434,Puri,ID,2020-01-06 07:09:29,-7.54,112.45,85.1,75,60,11.07
435,San Quintin,PH,2020-01-06 07:09:29,17.54,120.52,84.04,54,0,5.53
436,Batemans Bay,AU,2020-01-06 07:09:30,-35.71,150.18,73.0,95,100,1.01
437,Havelock,US,2020-01-06 07:09:30,34.88,-76.9,48.2,74,1,6.93
438,Mamlyutka,KZ,2020-01-06 07:09:30,54.94,68.54,26.6,86,90,15.66
439,Santa Lucia,IT,2020-01-06 07:09:31,41.98,12.66,43.0,64,0,6.93
440,Bealanana,MG,2020-01-06 07:09:31,-14.54,48.75,73.42,81,51,2.3
441,Bisert,RU,2020-01-06 07:09:31,56.85,59.05,19.11,96,96,6.31
442,Nueva Helvecia,UY,2020-01-06 07:09:32,-34.28,-57.23,66.0,82,24,1.01
443,Panguna,PG,2020-01-06 07:09:32,-6.32,155.48,76.78,94,98,1.39
444,Burgthann,DE,2020-01-06 07:09:32,49.36,11.32,35.01,100,20,3.36
445,Eureka,US,2020-01-06 07:09:33,40.8,-124.16,41.0,100,90,6.93
446,Santo Domingo,DO,2020-01-06 07:09:33,18.48,-69.94,73.99,94,20,3.36
447,Port Macquarie,AU,2020-01-06 07:08:37,-31.43,152.91,82.99,65,26,17.22
448,Oyama,JP,2020-01-06 07:09:34,36.31,139.8,55.99,29,75,3.36
449,Altamira,BR,2020-01-06 07:09:35,-3.2,-52.21,72.12,98,85,2.39
450,Kloulklubed,PW,2020-01-06 07:09:35,7.04,134.26,82.38,80,81,24.74
451,Hernani,ES,2020-01-06 07:09:36,43.27,-1.98,39.99,100,90,3.83
452,Beloha,MG,2020-01-06 07:09:36,-25.17,45.06,86.41,49,43,9.37
453,Erenhot,CN,2020-01-06 07:09:37,43.65,111.97,15.49,76,0,8.79
454,Margate,AU,2020-01-06 07:09:37,-43.03,147.26,72.0,52,40,12.75
455,Ballina,IE,2020-01-06 07:09:38,54.11,-9.15,51.01,100,75,23.04
456,Manono,CD,2020-01-06 07:09:38,-7.3,27.4,73.17,90,95,1.77
457,Meulaboh,ID,2020-01-06 07:09:38,4.14,96.13,82.45,71,14,5.3
458,Aswan,EG,2020-01-06 07:09:39,24.09,32.9,48.2,45,0,1.12
459,Manta,RO,2020-01-06 07:09:39,45.1,24.1,27.48,58,0,2.93
460,Harstad,NO,2020-01-06 07:09:39,68.8,16.53,39.2,100,90,23.04
461,Verkhniy Avzyan,RU,2020-01-06 07:09:40,53.53,57.54,18.23,96,100,1.36
462,Caravelas,BR,2020-01-06 07:09:40,-17.73,-39.27,71.42,94,100,4.85
463,Inhambane,MZ,2020-01-06 07:09:40,-23.87,35.38,86.0,66,40,6.93
464,Puerto Suarez,BO,2020-01-06 07:09:41,-18.96,-57.8,78.76,66,71,5.19
465,Wajid,SO,2020-01-06 07:09:41,3.81,43.25,84.09,52,0,16.44
466,Maningrida,AU,2020-01-06 07:09:41,-12.05,134.23,89.76,55,99,10.22
467,Athabasca,CA,2020-01-06 07:09:42,54.72,-113.29,20.32,73,100,9.66
468,Kimparana,ML,2020-01-06 07:09:42,12.83,-4.92,57.2,23,98,7.61
469,Igarka,RU,2020-01-06 07:09:42,67.47,86.57,8.67,95,88,10.29
470,Yar-Sale,RU,2020-01-06 07:09:43,66.83,70.83,9.48,88,0,16.73
471,Lata,IN,2020-01-06 07:09:43,30.78,78.62,22.1,79,100,5.35
472,Pampa,US,2020-01-06 07:09:44,35.54,-100.96,42.8,69,1,10.29
473,Lishan,CN,2020-01-06 07:09:44,24.07,102.75,61.5,73,59,14.29
474,Oranjestad,AW,2020-01-06 07:08:51,12.52,-70.03,75.2,88,40,8.05
475,Mayumba,GA,2020-01-06 07:09:46,-3.44,10.65,80.42,81,35,6.08
476,Rani,IN,2020-01-06 07:09:46,25.35,73.31,75.45,22,38,4.68
477,Garowe,SO,2020-01-06 07:09:47,8.41,48.48,76.75,64,57,9.82
478,Shaunavon,CA,2020-01-06 07:09:47,49.65,-108.41,24.35,77,33,16.55
479,Port Hardy,CA,2020-01-06 07:09:48,50.7,-127.42,35.6,93,90,3.36
480,Goundam,ML,2020-01-06 07:09:48,16.42,-3.66,54.43,26,0,10.2
481,Ostersund,SE,2020-01-06 07:09:48,63.18,14.64,36.0,80,40,10.29
482,Ulan-Ude,RU,2020-01-06 07:09:49,51.84,107.58,-4.0,58,82,4.63
483,Springfield,US,2020-01-06 07:09:49,42.1,-72.59,32.0,74,90,3.36
484,Jacareacanga,BR,2020-01-06 07:09:49,-6.22,-57.76,71.08,99,86,1.99
485,Linden,GY,2020-01-06 07:09:50,6.01,-58.31,65.53,97,0,2.13
486,Karratha,AU,2020-01-06 07:09:50,-20.74,116.85,87.76,65,56,7.83
487,Siocon,PH,2020-01-06 07:09:50,11.03,124.04,83.79,69,33,5.17
488,Cordoba,AR,2020-01-06 07:09:51,-27.78,-67.24,72.82,54,0,31.97
489,Tura,RU,2020-01-06 07:09:51,64.27,100.22,14.38,92,100,5.99
490,Ca Mau,VN,2020-01-06 07:09:51,9.18,105.15,95.22,31,0,8.3
491,Omboue,GA,2020-01-06 07:09:52,-1.57,9.26,76.26,90,97,0.78
492,Skelleftea,SE,2020-01-06 07:09:52,64.75,20.95,33.8,86,0,13.87
493,Karwar,IN,2020-01-06 07:09:52,14.8,74.13,83.44,60,88,5.44
494,Guozhen,CN,2020-01-06 07:09:53,29.3,113.14,49.95,88,100,5.99
495,Tautira,PF,2020-01-06 07:09:53,-17.73,-149.15,80.6,78,40,4.7
496,Moyale,ET,2020-01-06 07:09:53,3.52,39.05,79.79,46,40,9.86
497,Siedlce,PL,2020-01-06 07:09:54,52.17,22.28,30.99,90,54,7.7
498,San Pedro De Ycuamandiyu,PY,2020-01-06 07:09:54,-24.09,-57.08,76.37,70,0,7.05
499,Warkworth,NZ,2020-01-06 07:09:55,-36.4,174.66,64.4,63,19,29.97
500,San Cristobal,HN,2020-01-06 07:09:55,14.68,-86.92,60.12,93,85,4.12
501,Sorong,ID,2020-01-06 07:09:56,-0.86,131.25,87.3,62,60,6.62
502,Danville,US,2020-01-06 07:09:46,37.82,-122.0,50.0,81,1,2.3
503,Isiro,CD,2020-01-06 07:09:57,2.77,27.62,71.76,82,100,0.51
504,Canberra,AU,2020-01-06 07:09:26,-35.3,149.1,73.0,60,90,11.41
505,Severo-Kurilsk,RU,2020-01-06 07:09:57,50.68,156.12,21.87,93,99,6.04
506,Buchanan,LR,2020-01-06 07:09:58,5.88,-10.05,66.2,93,20,5.82
507,Havre-Saint-Pierre,CA,2020-01-06 07:09:59,50.23,-63.6,10.4,72,1,9.17
508,Awbari,LY,2020-01-06 07:09:59,26.59,12.77,39.02,46,0,5.61
509,Falmouth,GB,2020-01-06 07:09:46,50.16,-5.07,51.01,81,90,20.8
510,Manyana,AU,2020-01-06 07:10:00,-35.26,150.51,70.0,77,100,10.29
511,Sidi Ali,DZ,2020-01-06 07:10:00,36.1,0.42,43.61,87,0,3.09
512,Noumea,NC,2020-01-06 07:10:00,-22.28,166.46,82.99,65,75,17.22
513,Tomaszow Mazowiecki,PL,2020-01-06 07:10:01,51.53,20.01,32.0,92,90,5.82
514,Muroto,JP,2020-01-06 07:10:01,33.37,134.14,53.6,54,75,2.24
515,Zapolyarnyy,RU,2020-01-06 07:10:02,69.43,30.82,12.2,85,75,19.46
516,Trelew,AR,2020-01-06 07:08:37,-43.25,-65.31,58.03,40,19,20.04
517,Vianopolis,BR,2020-01-06 07:10:03,-16.74,-48.52,66.49,94,33,5.91
518,Methoni,GR,2020-01-06 07:10:03,36.82,21.7,48.99,39,20,4.7
519,Broken Hill,AU,2020-01-06 07:10:04,-31.97,141.45,71.6,49,100,17.22
520,Mareeba,AU,2020-01-06 07:10:04,-16.99,145.42,87.8,66,40,11.41
521,Selenduma,RU,2020-01-06 07:10:04,50.92,106.24,9.36,78,0,2.59
522,Yangambi,CD,2020-01-06 07:10:04,0.77,24.47,70.43,86,100,1.81
523,Marawi,PH,2020-01-06 07:10:05,8.0,124.29,84.0,77,34,5.01
524,Linxia,CN,2020-01-06 07:10:05,35.6,103.21,22.59,72,97,5.75
525,Veraval,FR,2020-01-06 07:10:05,49.65,0.71,37.4,100,0,6.93
526,Barcelona,ES,2020-01-06 07:05:27,41.38,2.18,48.99,80,0,12.75
527,Raul Soares,BR,2020-01-06 07:10:06,-20.1,-42.45,68.77,96,56,0.63
528,Kautokeino,NO,2020-01-06 07:10:07,69.01,23.04,13.06,88,99,2.95
529,Peleduy,RU,2020-01-06 07:10:07,59.63,112.75,15.49,91,100,15.41
530,Dhidhdhoo,MV,2020-01-06 07:10:08,6.88,73.1,82.56,77,63,11.95
531,Ontario,US,2020-01-06 07:10:08,34.07,-117.65,62.6,33,1,5.82
532,Shache,CN,2020-01-06 07:10:08,38.42,77.24,37.0,72,93,4.0
533,Upington,ZA,2020-01-06 07:10:09,-28.46,21.24,73.4,35,0,4.7
534,Andijon,UZ,2020-01-06 07:10:09,40.76,72.37,35.6,69,96,6.71
535,Manjacaze,MZ,2020-01-06 07:10:10,-24.71,33.88,83.62,66,46,0.29
536,Cabo San Lucas,MX,2020-01-06 07:10:09,22.89,-109.91,69.01,77,40,6.93
537,Kombissiri,BF,2020-01-06 07:10:11,12.07,-1.34,64.4,38,68,4.7
538,Tubuala,PA,2020-01-06 07:10:11,9.52,-79.03,75.0,94,32,13.42
539,Caraballeda,VE,2020-01-06 07:10:12,10.61,-66.85,78.8,78,20,2.42
540,Dzaoudzi,YT,2020-01-06 07:10:12,-12.79,45.27,89.6,70,100,6.93
541,Moose Factory,CA,2020-01-06 07:10:13,51.26,-80.61,1.4,84,20,6.93
542,Cueto,CU,2020-01-06 07:10:13,20.65,-75.94,69.8,94,75,3.36
543,Sibolga,ID,2020-01-06 07:10:14,1.74,98.78,91.85,44,4,2.48
544,Sechura,PE,2020-01-06 07:10:14,-5.56,-80.82,71.01,88,0,4.21
545,Linjiang,CN,2020-01-06 07:10:14,41.81,126.91,26.15,74,100,3.18
546,Nuuk,GL,2020-01-06 07:10:15,64.17,-51.74,3.2,84,100,18.34
547,Canandaigua,US,2020-01-06 07:10:15,42.88,-77.28,32.0,80,90,9.17
548,Amargosa,BR,2020-01-06 07:10:15,-13.03,-39.6,71.29,98,100,0.78
549,Loreto,PY,2020-01-06 07:10:17,-23.27,-57.32,77.58,55,0,7.09
